record,id,st_fips,cnty_fips,tract_fips,name,pop,emp,unemp,rate
1,49001100100,49,1,100100,"Census Tract 1001, Beaver County, UT",3815,1538,96,5.9
2,49001100200,49,1,100200,"Census Tract 1002, Beaver County, UT",2564,1433,55,3.7
3,49003960100,49,3,960100,"Census Tract 9601, Box Elder County, UT",3185,1310,35,2.6
4,49003960200,49,3,960200,"Census Tract 9602, Box Elder County, UT",7307,3459,122,3.4
5,49003960300,49,3,960300,"Census Tract 9603, Box Elder County, UT",8250,3571,173,4.6
6,49003960400,49,3,960400,"Census Tract 9604, Box Elder County, UT",5212,2410,63,2.5
7,49003960500,49,3,960500,"Census Tract 9605, Box Elder County, UT",5474,2546,50,1.9
8,49003960601,49,3,960601,"Census Tract 9606.01, Box Elder County, UT",3855,1489,88,5.6
9,49003960602,49,3,960602,"Census Tract 9606.02, Box Elder County, UT",2407,1198,34,2.8
10,49003960701,49,3,960701,"Census Tract 9607.01, Box Elder County, UT",4755,2407,106,4.2
11,49003960702,49,3,960702,"Census Tract 9607.02, Box Elder County, UT",2490,1222,57,4.5
12,49003960801,49,3,960801,"Census Tract 9608.01, Box Elder County, UT",4335,2302,90,3.8
13,49003960802,49,3,960802,"Census Tract 9608.02, Box Elder County, UT",4518,2173,27,1.2
14,49005000101,49,5,101,"Census Tract 1.01, Cache County, UT",4861,2345,68,2.8
15,49005000102,49,5,102,"Census Tract 1.02, Cache County, UT",1673,829,22,2.6
16,49005000201,49,5,201,"Census Tract 2.01, Cache County, UT",3358,1703,58,3.3
17,49005000202,49,5,202,"Census Tract 2.02, Cache County, UT",7422,3517,96,2.7
18,49005000300,49,5,300,"Census Tract 3, Cache County, UT",8249,3105,77,2.4
19,49005000401,49,5,401,"Census Tract 4.01, Cache County, UT",3669,1840,73,3.8
20,49005000402,49,5,402,"Census Tract 4.02, Cache County, UT",3373,1636,46,2.7
21,49005000403,49,5,403,"Census Tract 4.03, Cache County, UT",6270,3112,60,1.9
22,49005000501,49,5,501,"Census Tract 5.01, Cache County, UT",5524,3002,92,3
23,49005000502,49,5,502,"Census Tract 5.02, Cache County, UT",5717,3853,52,1.3
24,49005000600,49,5,600,"Census Tract 6, Cache County, UT",7681,3804,183,4.6
25,49005000701,49,5,701,"Census Tract 7.01, Cache County, UT",4965,2449,83,3.3
26,49005000702,49,5,702,"Census Tract 7.02, Cache County, UT",3031,1508,148,8.9
27,49005000800,49,5,800,"Census Tract 8, Cache County, UT",5276,3512,111,3.1
28,49005000900,49,5,900,"Census Tract 9, Cache County, UT",3702,2081,71,3.3
29,49005001001,49,5,1001,"Census Tract 10.01, Cache County, UT",3085,1484,45,2.9
30,49005001002,49,5,1002,"Census Tract 10.02, Cache County, UT",4798,2732,82,2.9
31,49005001101,49,5,1101,"Census Tract 11.01, Cache County, UT",5896,2653,44,1.6
32,49005001102,49,5,1102,"Census Tract 11.02, Cache County, UT",4644,2327,34,1.4
33,49005001201,49,5,1201,"Census Tract 12.01, Cache County, UT",5063,2459,46,1.8
34,49005001202,49,5,1202,"Census Tract 12.02, Cache County, UT",5954,2797,74,2.6
35,49005001300,49,5,1300,"Census Tract 13, Cache County, UT",6842,3079,56,1.8
36,49005001401,49,5,1401,"Census Tract 14.01, Cache County, UT",4603,1863,69,3.6
37,49005001402,49,5,1402,"Census Tract 14.02, Cache County, UT",4018,1891,40,2.1
38,49005001500,49,5,1500,"Census Tract 15, Cache County, UT",2159,1013,65,6
39,49005980100,49,5,980100,"Census Tract 9801, Cache County, UT",108,57,0,0
40,49007000100,49,7,100,"Census Tract 1, Carbon County, UT",3595,1591,77,4.6
41,49007000200,49,7,200,"Census Tract 2, Carbon County, UT",4213,1779,122,6.4
42,49007000300,49,7,300,"Census Tract 3, Carbon County, UT",4433,1549,135,8
43,49007000500,49,7,500,"Census Tract 5, Carbon County, UT",3952,1474,51,3.3
44,49007000600,49,7,600,"Census Tract 6, Carbon County, UT",4404,1391,62,4.3
45,49009960100,49,9,960100,"Census Tract 9601, Daggett County, UT",1061,420,19,4.3
46,49011125102,49,11,125102,"Census Tract 1251.02, Davis County, UT",4494,2402,76,3.1
47,49011125103,49,11,125103,"Census Tract 1251.03, Davis County, UT",4730,2485,87,3.4
48,49011125104,49,11,125104,"Census Tract 1251.04, Davis County, UT",6254,2999,150,4.8
49,49011125200,49,11,125200,"Census Tract 1252, Davis County, UT",3803,713,51,6.7
50,49011125301,49,11,125301,"Census Tract 1253.01, Davis County, UT",5531,2629,156,5.6
51,49011125303,49,11,125303,"Census Tract 1253.03, Davis County, UT",11204,5494,178,3.1
52,49011125304,49,11,125304,"Census Tract 1253.04, Davis County, UT",5108,2948,116,3.8
53,49011125305,49,11,125305,"Census Tract 1253.05, Davis County, UT",6828,3938,136,3.3
54,49011125401,49,11,125401,"Census Tract 1254.01, Davis County, UT",12561,5949,27,0.5
55,49011125403,49,11,125403,"Census Tract 1254.03, Davis County, UT",12119,5740,153,2.6
56,49011125405,49,11,125405,"Census Tract 1254.05, Davis County, UT",10456,4796,126,2.6
57,49011125406,49,11,125406,"Census Tract 1254.06, Davis County, UT",8028,3795,121,3.1
58,49011125501,49,11,125501,"Census Tract 1255.01, Davis County, UT",6267,2867,73,2.5
59,49011125502,49,11,125502,"Census Tract 1255.02, Davis County, UT",6218,3040,97,3.1
60,49011125503,49,11,125503,"Census Tract 1255.03, Davis County, UT",5081,2551,101,3.8
61,49011125600,49,11,125600,"Census Tract 1256, Davis County, UT",1364,113,0,0
62,49011125701,49,11,125701,"Census Tract 1257.01, Davis County, UT",3936,1580,44,2.7
63,49011125702,49,11,125702,"Census Tract 1257.02, Davis County, UT",4232,1832,151,7.6
64,49011125801,49,11,125801,"Census Tract 1258.01, Davis County, UT",7475,3578,125,3.4
65,49011125804,49,11,125804,"Census Tract 1258.04, Davis County, UT",7028,3629,141,3.7
66,49011125805,49,11,125805,"Census Tract 1258.05, Davis County, UT",6586,3286,70,2.1
67,49011125807,49,11,125807,"Census Tract 1258.07, Davis County, UT",3267,1688,60,3.4
68,49011125808,49,11,125808,"Census Tract 1258.08, Davis County, UT",6003,3644,220,5.7
69,49011125905,49,11,125905,"Census Tract 1259.05, Davis County, UT",6992,3144,184,5.5
70,49011125906,49,11,125906,"Census Tract 1259.06, Davis County, UT",7619,3416,44,1.3
71,49011125907,49,11,125907,"Census Tract 1259.07, Davis County, UT",2339,1062,30,2.7
72,49011125908,49,11,125908,"Census Tract 1259.08, Davis County, UT",5431,2540,94,3.6
73,49011126001,49,11,126001,"Census Tract 1260.01, Davis County, UT",5214,2625,144,5.2
74,49011126002,49,11,126002,"Census Tract 1260.02, Davis County, UT",5430,2948,47,1.6
75,49011126101,49,11,126101,"Census Tract 1261.01, Davis County, UT",7167,2720,45,1.6
76,49011126104,49,11,126104,"Census Tract 1261.04, Davis County, UT",11811,5630,126,2.2
77,49011126105,49,11,126105,"Census Tract 1261.05, Davis County, UT",7721,3664,150,3.9
78,49011126202,49,11,126202,"Census Tract 1262.02, Davis County, UT",9470,5212,80,1.5
79,49011126203,49,11,126203,"Census Tract 1262.03, Davis County, UT",4404,2445,55,2.2
80,49011126204,49,11,126204,"Census Tract 1262.04, Davis County, UT",4787,2617,80,3
81,49011126303,49,11,126303,"Census Tract 1263.03, Davis County, UT",4991,2260,17,0.7
82,49011126304,49,11,126304,"Census Tract 1263.04, Davis County, UT",6805,3206,42,1.3
83,49011126305,49,11,126305,"Census Tract 1263.05, Davis County, UT",2364,1034,48,4.4
84,49011126306,49,11,126306,"Census Tract 1263.06, Davis County, UT",7421,3858,90,2.3
85,49011126402,49,11,126402,"Census Tract 1264.02, Davis County, UT",3560,1543,72,4.5
86,49011126404,49,11,126404,"Census Tract 1264.04, Davis County, UT",6628,3458,48,1.4
87,49011126405,49,11,126405,"Census Tract 1264.05, Davis County, UT",4304,1834,48,2.6
88,49011126406,49,11,126406,"Census Tract 1264.06, Davis County, UT",4507,2213,78,3.4
89,49011126500,49,11,126500,"Census Tract 1265, Davis County, UT",7052,3015,88,2.8
90,49011126600,49,11,126600,"Census Tract 1266, Davis County, UT",5814,2432,61,2.4
91,49011126700,49,11,126700,"Census Tract 1267, Davis County, UT",4310,2184,66,2.9
92,49011126801,49,11,126801,"Census Tract 1268.01, Davis County, UT",3516,1379,25,1.8
93,49011126802,49,11,126802,"Census Tract 1268.02, Davis County, UT",5330,1979,48,2.4
94,49011126901,49,11,126901,"Census Tract 1269.01, Davis County, UT",6324,3170,91,2.8
95,49011126902,49,11,126902,"Census Tract 1269.02, Davis County, UT",6655,3495,140,3.9
96,49011127002,49,11,127002,"Census Tract 1270.02, Davis County, UT",7222,4210,272,6.1
97,49011127003,49,11,127003,"Census Tract 1270.03, Davis County, UT",5664,3912,84,2.1
98,49011127004,49,11,127004,"Census Tract 1270.04, Davis County, UT",8817,4595,120,2.5
99,49011127100,49,11,127100,"Census Tract 1271, Davis County, UT",7943,3741,103,2.7
100,49013940300,49,13,940300,"Census Tract 9403, Duchesne County, UT",4120,1477,243,14.1
101,49013940500,49,13,940500,"Census Tract 9405, Duchesne County, UT",8736,3367,205,5.7
102,49013940600,49,13,940600,"Census Tract 9406, Duchesne County, UT",7831,2488,142,5.4
103,49015976200,49,15,976200,"Census Tract 9762, Emery County, UT",3904,1456,78,5.1
104,49015976300,49,15,976300,"Census Tract 9763, Emery County, UT",3027,1253,83,6.2
105,49015976500,49,15,976500,"Census Tract 9765, Emery County, UT",3354,1304,75,5.4
106,49017000300,49,17,300,"Census Tract 3, Garfield County, UT",2324,1146,112,8.9
107,49017000400,49,17,400,"Census Tract 4, Garfield County, UT",2757,1504,115,7.1
108,49019000200,49,19,200,"Census Tract 2, Grand County, UT",4724,2730,289,9.6
109,49019000300,49,19,300,"Census Tract 3, Grand County, UT",5162,2756,46,1.6
110,49021110100,49,21,110100,"Census Tract 1101, Iron County, UT",3972,1765,98,5.3
111,49021110200,49,21,110200,"Census Tract 1102, Iron County, UT",8124,3323,250,7
112,49021110300,49,21,110300,"Census Tract 1103, Iron County, UT",3611,1491,35,2.3
113,49021110400,49,21,110400,"Census Tract 1104, Iron County, UT",5110,2139,203,8.7
114,49021110500,49,21,110500,"Census Tract 1105, Iron County, UT",9795,4600,154,3.2
115,49021110600,49,21,110600,"Census Tract 1106, Iron County, UT",6366,3137,68,2.1
116,49021110701,49,21,110701,"Census Tract 1107.01, Iron County, UT",7043,3065,120,3.8
117,49021110702,49,21,110702,"Census Tract 1107.02, Iron County, UT",4469,1942,26,1.3
118,49023010100,49,23,10100,"Census Tract 101, Juab County, UT",5470,2702,85,3
119,49023010200,49,23,10200,"Census Tract 102, Juab County, UT",4727,2352,89,3.6
120,49025130100,49,25,130100,"Census Tract 1301, Kane County, UT",2373,1062,21,1.9
121,49025130200,49,25,130200,"Census Tract 1302, Kane County, UT",4995,2486,103,4
122,49027974100,49,27,974100,"Census Tract 9741, Millard County, UT",4961,2453,78,3.1
123,49027974200,49,27,974200,"Census Tract 9742, Millard County, UT",3008,1393,39,2.7
124,49027974300,49,27,974300,"Census Tract 9743, Millard County, UT",4599,2393,99,4
125,49029970100,49,29,970100,"Census Tract 9701, Morgan County, UT",9244,4532,137,2.9
126,49029970200,49,29,970200,"Census Tract 9702, Morgan County, UT",1623,643,6,0.9
127,49031960100,49,31,960100,"Census Tract 9601, Piute County, UT",1591,437,25,5.4
128,49033950100,49,33,950100,"Census Tract 9501, Rich County, UT",2331,1045,39,3.6
129,49035100100,49,35,100100,"Census Tract 1001, Salt Lake County, UT",1707,974,20,2
130,49035100200,49,35,100200,"Census Tract 1002, Salt Lake County, UT",1446,869,34,3.8
131,49035100306,49,35,100306,"Census Tract 1003.06, Salt Lake County, UT",5500,2624,115,4.2
132,49035100307,49,35,100307,"Census Tract 1003.07, Salt Lake County, UT",5542,2389,112,4.5
133,49035100308,49,35,100308,"Census Tract 1003.08, Salt Lake County, UT",4492,1885,51,2.6
134,49035100500,49,35,100500,"Census Tract 1005, Salt Lake County, UT",6873,3191,184,5.5
135,49035100600,49,35,100600,"Census Tract 1006, Salt Lake County, UT",6747,4204,282,6.3
136,49035100700,49,35,100700,"Census Tract 1007, Salt Lake County, UT",2974,1959,112,5.4
137,49035100800,49,35,100800,"Census Tract 1008, Salt Lake County, UT",2609,1418,44,3
138,49035101000,49,35,101000,"Census Tract 1010, Salt Lake County, UT",3229,1981,54,2.7
139,49035101101,49,35,101101,"Census Tract 1011.01, Salt Lake County, UT",2038,1559,25,1.6
140,49035101102,49,35,101102,"Census Tract 1011.02, Salt Lake County, UT",3800,2515,57,2.2
141,49035101200,49,35,101200,"Census Tract 1012, Salt Lake County, UT",3962,3193,61,1.9
142,49035101400,49,35,101400,"Census Tract 1014, Salt Lake County, UT",5166,2180,123,5.3
143,49035101500,49,35,101500,"Census Tract 1015, Salt Lake County, UT",3582,2245,52,2.3
144,49035101600,49,35,101600,"Census Tract 1016, Salt Lake County, UT",3768,3032,67,2.2
145,49035101700,49,35,101700,"Census Tract 1017, Salt Lake County, UT",3668,2739,48,1.7
146,49035101800,49,35,101800,"Census Tract 1018, Salt Lake County, UT",3459,2551,108,4.1
147,49035101900,49,35,101900,"Census Tract 1019, Salt Lake County, UT",2576,1530,88,5.4
148,49035102000,49,35,102000,"Census Tract 1020, Salt Lake County, UT",2694,1718,93,5.1
149,49035102100,49,35,102100,"Census Tract 1021, Salt Lake County, UT",1498,1014,79,7.2
150,49035102300,49,35,102300,"Census Tract 1023, Salt Lake County, UT",2922,1552,66,4.1
151,49035102500,49,35,102500,"Census Tract 1025, Salt Lake County, UT",3817,2216,131,5.6
152,49035102600,49,35,102600,"Census Tract 1026, Salt Lake County, UT",4580,1861,169,8.3
153,49035102701,49,35,102701,"Census Tract 1027.01, Salt Lake County, UT",5612,2551,83,3.2
154,49035102702,49,35,102702,"Census Tract 1027.02, Salt Lake County, UT",3931,1579,158,9.1
155,49035102801,49,35,102801,"Census Tract 1028.01, Salt Lake County, UT",6377,2913,228,7.3
156,49035102802,49,35,102802,"Census Tract 1028.02, Salt Lake County, UT",5212,2217,146,6.2
157,49035102900,49,35,102900,"Census Tract 1029, Salt Lake County, UT",4775,1666,233,12.3
158,49035103000,49,35,103000,"Census Tract 1030, Salt Lake County, UT",3296,1844,36,1.9
159,49035103100,49,35,103100,"Census Tract 1031, Salt Lake County, UT",4549,2658,152,5.4
160,49035103200,49,35,103200,"Census Tract 1032, Salt Lake County, UT",4845,2721,48,1.7
161,49035103300,49,35,103300,"Census Tract 1033, Salt Lake County, UT",4780,2935,113,3.7
162,49035103400,49,35,103400,"Census Tract 1034, Salt Lake County, UT",4522,2738,27,1
163,49035103500,49,35,103500,"Census Tract 1035, Salt Lake County, UT",4265,2759,78,2.7
164,49035103600,49,35,103600,"Census Tract 1036, Salt Lake County, UT",2956,1453,26,1.8
165,49035103700,49,35,103700,"Census Tract 1037, Salt Lake County, UT",2876,1742,5,0.3
166,49035103800,49,35,103800,"Census Tract 1038, Salt Lake County, UT",2456,1530,46,2.9
167,49035103900,49,35,103900,"Census Tract 1039, Salt Lake County, UT",4139,2452,63,2.5
168,49035104000,49,35,104000,"Census Tract 1040, Salt Lake County, UT",3452,1934,37,1.9
169,49035104100,49,35,104100,"Census Tract 1041, Salt Lake County, UT",3093,1361,21,1.5
170,49035104200,49,35,104200,"Census Tract 1042, Salt Lake County, UT",6831,3467,84,2.4
171,49035104300,49,35,104300,"Census Tract 1043, Salt Lake County, UT",3079,1951,23,1.2
172,49035104400,49,35,104400,"Census Tract 1044, Salt Lake County, UT",2130,903,18,2
173,49035104700,49,35,104700,"Census Tract 1047, Salt Lake County, UT",5369,3391,50,1.5
174,49035104800,49,35,104800,"Census Tract 1048, Salt Lake County, UT",5346,3271,36,1.1
175,49035104900,49,35,104900,"Census Tract 1049, Salt Lake County, UT",3546,2318,87,3.6
176,49035110102,49,35,110102,"Census Tract 1101.02, Salt Lake County, UT",4571,2575,38,1.5
177,49035110103,49,35,110103,"Census Tract 1101.03, Salt Lake County, UT",3720,2259,13,0.6
178,49035110104,49,35,110104,"Census Tract 1101.04, Salt Lake County, UT",5687,2801,29,1
179,49035110200,49,35,110200,"Census Tract 1102, Salt Lake County, UT",5510,3558,47,1.3
180,49035110300,49,35,110300,"Census Tract 1103, Salt Lake County, UT",5795,3406,56,1.6
181,49035110401,49,35,110401,"Census Tract 1104.01, Salt Lake County, UT",3847,1687,59,3.4
182,49035110402,49,35,110402,"Census Tract 1104.02, Salt Lake County, UT",3992,2152,10,0.5
183,49035110500,49,35,110500,"Census Tract 1105, Salt Lake County, UT",6944,3082,88,2.8
184,49035110600,49,35,110600,"Census Tract 1106, Salt Lake County, UT",5757,3104,52,1.6
185,49035110701,49,35,110701,"Census Tract 1107.01, Salt Lake County, UT",3842,2522,29,1.1
186,49035110702,49,35,110702,"Census Tract 1107.02, Salt Lake County, UT",5201,2679,66,2.4
187,49035110800,49,35,110800,"Census Tract 1108, Salt Lake County, UT",5966,2923,59,2
188,49035110900,49,35,110900,"Census Tract 1109, Salt Lake County, UT",4670,2454,21,0.8
189,49035111001,49,35,111001,"Census Tract 1110.01, Salt Lake County, UT",4877,2575,69,2.6
190,49035111002,49,35,111002,"Census Tract 1110.02, Salt Lake County, UT",6329,3234,47,1.4
191,49035111101,49,35,111101,"Census Tract 1111.01, Salt Lake County, UT",6662,3892,49,1.2
192,49035111102,49,35,111102,"Census Tract 1111.02, Salt Lake County, UT",6724,3637,88,2.4
193,49035111103,49,35,111103,"Census Tract 1111.03, Salt Lake County, UT",6121,2719,31,1.1
194,49035111201,49,35,111201,"Census Tract 1112.01, Salt Lake County, UT",3051,2037,30,1.5
195,49035111202,49,35,111202,"Census Tract 1112.02, Salt Lake County, UT",5261,3027,111,3.5
196,49035111302,49,35,111302,"Census Tract 1113.02, Salt Lake County, UT",6406,3662,85,2.3
197,49035111304,49,35,111304,"Census Tract 1113.04, Salt Lake County, UT",3765,2205,36,1.6
198,49035111305,49,35,111305,"Census Tract 1113.05, Salt Lake County, UT",4321,2205,76,3.3
199,49035111306,49,35,111306,"Census Tract 1113.06, Salt Lake County, UT",2753,1571,47,2.9
200,49035111400,49,35,111400,"Census Tract 1114, Salt Lake County, UT",6805,3533,172,4.6
201,49035111500,49,35,111500,"Census Tract 1115, Salt Lake County, UT",1989,1089,32,2.9
202,49035111600,49,35,111600,"Census Tract 1116, Salt Lake County, UT",8005,3380,100,2.9
203,49035111701,49,35,111701,"Census Tract 1117.01, Salt Lake County, UT",5569,3682,69,1.8
204,49035111702,49,35,111702,"Census Tract 1117.02, Salt Lake County, UT",4495,2689,102,3.7
205,49035111801,49,35,111801,"Census Tract 1118.01, Salt Lake County, UT",5512,3297,86,2.5
206,49035111802,49,35,111802,"Census Tract 1118.02, Salt Lake County, UT",2719,1354,67,4.7
207,49035111903,49,35,111903,"Census Tract 1119.03, Salt Lake County, UT",4234,2765,62,2.2
208,49035111904,49,35,111904,"Census Tract 1119.04, Salt Lake County, UT",3716,2220,63,2.8
209,49035111905,49,35,111905,"Census Tract 1119.05, Salt Lake County, UT",3739,2171,18,0.8
210,49035111906,49,35,111906,"Census Tract 1119.06, Salt Lake County, UT",4548,2735,100,3.5
211,49035112001,49,35,112001,"Census Tract 1120.01, Salt Lake County, UT",3638,2087,61,2.8
212,49035112002,49,35,112002,"Census Tract 1120.02, Salt Lake County, UT",4619,2650,183,6.5
213,49035112100,49,35,112100,"Census Tract 1121, Salt Lake County, UT",7978,5356,100,1.8
214,49035112201,49,35,112201,"Census Tract 1122.01, Salt Lake County, UT",5417,2986,150,4.8
215,49035112202,49,35,112202,"Census Tract 1122.02, Salt Lake County, UT",4133,2329,86,3.6
216,49035112301,49,35,112301,"Census Tract 1123.01, Salt Lake County, UT",4004,2388,62,2.5
217,49035112302,49,35,112302,"Census Tract 1123.02, Salt Lake County, UT",3673,2168,110,4.8
218,49035112402,49,35,112402,"Census Tract 1124.02, Salt Lake County, UT",6995,3381,95,2.7
219,49035112403,49,35,112403,"Census Tract 1124.03, Salt Lake County, UT",5008,4012,133,3.2
220,49035112404,49,35,112404,"Census Tract 1124.04, Salt Lake County, UT",4220,2664,169,6
221,49035112501,49,35,112501,"Census Tract 1125.01, Salt Lake County, UT",3930,2253,93,4
222,49035112502,49,35,112502,"Census Tract 1125.02, Salt Lake County, UT",6911,4380,119,2.6
223,49035112503,49,35,112503,"Census Tract 1125.03, Salt Lake County, UT",4846,2375,55,2.3
224,49035112604,49,35,112604,"Census Tract 1126.04, Salt Lake County, UT",5221,2827,73,2.5
225,49035112605,49,35,112605,"Census Tract 1126.05, Salt Lake County, UT",7197,4889,121,2.4
226,49035112608,49,35,112608,"Census Tract 1126.08, Salt Lake County, UT",5681,2676,40,1.5
227,49035112609,49,35,112609,"Census Tract 1126.09, Salt Lake County, UT",6038,2997,33,1.1
228,49035112610,49,35,112610,"Census Tract 1126.10, Salt Lake County, UT",4500,2610,68,2.5
229,49035112611,49,35,112611,"Census Tract 1126.11, Salt Lake County, UT",7166,3852,65,1.7
230,49035112612,49,35,112612,"Census Tract 1126.12, Salt Lake County, UT",4577,2407,67,2.7
231,49035112613,49,35,112613,"Census Tract 1126.13, Salt Lake County, UT",5227,2700,80,2.9
232,49035112614,49,35,112614,"Census Tract 1126.14, Salt Lake County, UT",3596,1660,33,1.9
233,49035112615,49,35,112615,"Census Tract 1126.15, Salt Lake County, UT",2474,1284,48,3.6
234,49035112616,49,35,112616,"Census Tract 1126.16, Salt Lake County, UT",4701,2255,108,4.6
235,49035112617,49,35,112617,"Census Tract 1126.17, Salt Lake County, UT",3978,2291,46,2
236,49035112618,49,35,112618,"Census Tract 1126.18, Salt Lake County, UT",3552,1842,73,3.8
237,49035112619,49,35,112619,"Census Tract 1126.19, Salt Lake County, UT",3439,1706,43,2.5
238,49035112700,49,35,112700,"Census Tract 1127, Salt Lake County, UT",5222,3319,136,3.9
239,49035112804,49,35,112804,"Census Tract 1128.04, Salt Lake County, UT",5930,3102,38,1.2
240,49035112805,49,35,112805,"Census Tract 1128.05, Salt Lake County, UT",5665,2999,80,2.6
241,49035112810,49,35,112810,"Census Tract 1128.10, Salt Lake County, UT",7326,4229,179,4.1
242,49035112812,49,35,112812,"Census Tract 1128.12, Salt Lake County, UT",5881,3264,117,3.5
243,49035112813,49,35,112813,"Census Tract 1128.13, Salt Lake County, UT",6014,3338,96,2.8
244,49035112814,49,35,112814,"Census Tract 1128.14, Salt Lake County, UT",4799,2468,42,1.7
245,49035112815,49,35,112815,"Census Tract 1128.15, Salt Lake County, UT",5351,2867,84,2.8
246,49035112816,49,35,112816,"Census Tract 1128.16, Salt Lake County, UT",5326,2647,105,3.8
247,49035112817,49,35,112817,"Census Tract 1128.17, Salt Lake County, UT",7149,4438,50,1.1
249,49035112819,49,35,112819,"Census Tract 1128.19, Salt Lake County, UT",7818,3922,74,1.9
250,49035112820,49,35,112820,"Census Tract 1128.20, Salt Lake County, UT",7974,4442,122,2.7
251,49035112821,49,35,112821,"Census Tract 1128.21, Salt Lake County, UT",7023,3413,82,2.3
252,49035112822,49,35,112822,"Census Tract 1128.22, Salt Lake County, UT",5310,2266,39,1.7
253,49035112823,49,35,112823,"Census Tract 1128.23, Salt Lake County, UT",4710,2623,57,2.1
254,49035112904,49,35,112904,"Census Tract 1129.04, Salt Lake County, UT",7456,3678,108,2.9
255,49035112905,49,35,112905,"Census Tract 1129.05, Salt Lake County, UT",5685,2887,136,4.5
256,49035112907,49,35,112907,"Census Tract 1129.07, Salt Lake County, UT",5222,2106,156,6.9
257,49035112912,49,35,112912,"Census Tract 1129.12, Salt Lake County, UT",2893,1760,74,4
258,49035112913,49,35,112913,"Census Tract 1129.13, Salt Lake County, UT",5777,2863,100,3.4
259,49035112914,49,35,112914,"Census Tract 1129.14, Salt Lake County, UT",6765,4118,130,3.1
260,49035112916,49,35,112916,"Census Tract 1129.16, Salt Lake County, UT",5068,2714,71,2.5
261,49035112917,49,35,112917,"Census Tract 1129.17, Salt Lake County, UT",4273,2475,63,2.5
262,49035112918,49,35,112918,"Census Tract 1129.18, Salt Lake County, UT",5729,3269,124,3.7
263,49035112920,49,35,112920,"Census Tract 1129.20, Salt Lake County, UT",4685,2388,67,2.7
264,49035112921,49,35,112921,"Census Tract 1129.21, Salt Lake County, UT",3799,2094,83,3.8
265,49035113007,49,35,113007,"Census Tract 1130.07, Salt Lake County, UT",5415,2831,206,6.8
266,49035113008,49,35,113008,"Census Tract 1130.08, Salt Lake County, UT",6943,3421,76,2.2
267,49035113010,49,35,113010,"Census Tract 1130.10, Salt Lake County, UT",6922,3748,64,1.7
268,49035113011,49,35,113011,"Census Tract 1130.11, Salt Lake County, UT",6060,3194,57,1.8
269,49035113012,49,35,113012,"Census Tract 1130.12, Salt Lake County, UT",5394,2568,86,3.2
270,49035113013,49,35,113013,"Census Tract 1130.13, Salt Lake County, UT",5155,3002,58,1.9
271,49035113014,49,35,113014,"Census Tract 1130.14, Salt Lake County, UT",4390,2647,61,2.3
272,49035113016,49,35,113016,"Census Tract 1130.16, Salt Lake County, UT",6755,3656,63,1.7
273,49035113017,49,35,113017,"Census Tract 1130.17, Salt Lake County, UT",6978,3698,78,2.1
274,49035113019,49,35,113019,"Census Tract 1130.19, Salt Lake County, UT",6291,4262,43,1
275,49035113020,49,35,113020,"Census Tract 1130.20, Salt Lake County, UT",12138,8271,68,0.8
276,49035113101,49,35,113101,"Census Tract 1131.01, Salt Lake County, UT",7878,4122,162,3.8
277,49035113102,49,35,113102,"Census Tract 1131.02, Salt Lake County, UT",4229,2169,127,5.5
278,49035113105,49,35,113105,"Census Tract 1131.05, Salt Lake County, UT",4635,2439,33,1.3
279,49035113107,49,35,113107,"Census Tract 1131.07, Salt Lake County, UT",24336,12236,325,2.6
280,49035113108,49,35,113108,"Census Tract 1131.08, Salt Lake County, UT",4575,2206,26,1.2
281,49035113305,49,35,113305,"Census Tract 1133.05, Salt Lake County, UT",8603,4406,284,6.1
282,49035113306,49,35,113306,"Census Tract 1133.06, Salt Lake County, UT",6348,3475,143,4
283,49035113307,49,35,113307,"Census Tract 1133.07, Salt Lake County, UT",7295,4124,141,3.3
284,49035113308,49,35,113308,"Census Tract 1133.08, Salt Lake County, UT",5538,2829,128,4.3
285,49035113309,49,35,113309,"Census Tract 1133.09, Salt Lake County, UT",5418,2655,95,3.5
286,49035113310,49,35,113310,"Census Tract 1133.10, Salt Lake County, UT",3214,1128,57,4.8
287,49035113406,49,35,113406,"Census Tract 1134.06, Salt Lake County, UT",7049,3212,163,4.8
288,49035113407,49,35,113407,"Census Tract 1134.07, Salt Lake County, UT",12098,5565,203,3.5
289,49035113408,49,35,113408,"Census Tract 1134.08, Salt Lake County, UT",7112,3129,272,8
290,49035113409,49,35,113409,"Census Tract 1134.09, Salt Lake County, UT",5977,3285,112,3.3
291,49035113410,49,35,113410,"Census Tract 1134.10, Salt Lake County, UT",7324,3167,98,3
292,49035113411,49,35,113411,"Census Tract 1134.11, Salt Lake County, UT",2945,1514,52,3.3
293,49035113412,49,35,113412,"Census Tract 1134.12, Salt Lake County, UT",3101,1661,58,3.4
294,49035113413,49,35,113413,"Census Tract 1134.13, Salt Lake County, UT",6159,3258,142,4.2
295,49035113505,49,35,113505,"Census Tract 1135.05, Salt Lake County, UT",7103,3812,256,6.3
296,49035113509,49,35,113509,"Census Tract 1135.09, Salt Lake County, UT",6805,3805,110,2.8
297,49035113510,49,35,113510,"Census Tract 1135.10, Salt Lake County, UT",3472,1828,47,2.5
298,49035113511,49,35,113511,"Census Tract 1135.11, Salt Lake County, UT",4017,2063,67,3.1
299,49035113512,49,35,113512,"Census Tract 1135.12, Salt Lake County, UT",3875,2272,36,1.6
300,49035113513,49,35,113513,"Census Tract 1135.13, Salt Lake County, UT",5902,3670,77,2.1
301,49035113514,49,35,113514,"Census Tract 1135.14, Salt Lake County, UT",6193,3401,209,5.8
302,49035113515,49,35,113515,"Census Tract 1135.15, Salt Lake County, UT",5984,3432,56,1.6
303,49035113520,49,35,113520,"Census Tract 1135.20, Salt Lake County, UT",4147,2373,191,7.4
304,49035113521,49,35,113521,"Census Tract 1135.21, Salt Lake County, UT",7113,3473,143,4
305,49035113522,49,35,113522,"Census Tract 1135.22, Salt Lake County, UT",3672,2176,55,2.5
306,49035113523,49,35,113523,"Census Tract 1135.23, Salt Lake County, UT",6727,3829,111,2.8
307,49035113525,49,35,113525,"Census Tract 1135.25, Salt Lake County, UT",7631,4579,103,2.2
308,49035113526,49,35,113526,"Census Tract 1135.26, Salt Lake County, UT",5855,3029,70,2.3
309,49035113527,49,35,113527,"Census Tract 1135.27, Salt Lake County, UT",4680,2348,50,2.1
310,49035113528,49,35,113528,"Census Tract 1135.28, Salt Lake County, UT",5767,2994,133,4.3
311,49035113532,49,35,113532,"Census Tract 1135.32, Salt Lake County, UT",3439,1999,62,3
312,49035113533,49,35,113533,"Census Tract 1135.33, Salt Lake County, UT",5250,2403,115,4.6
313,49035113534,49,35,113534,"Census Tract 1135.34, Salt Lake County, UT",8199,4016,78,1.9
314,49035113535,49,35,113535,"Census Tract 1135.35, Salt Lake County, UT",7399,4107,63,1.5
315,49035113536,49,35,113536,"Census Tract 1135.36, Salt Lake County, UT",4565,2110,90,4.1
316,49035113537,49,35,113537,"Census Tract 1135.37, Salt Lake County, UT",3793,2027,73,3.5
317,49035113538,49,35,113538,"Census Tract 1135.38, Salt Lake County, UT",3571,1905,38,2
318,49035113539,49,35,113539,"Census Tract 1135.39, Salt Lake County, UT",5066,2488,99,3.8
319,49035113600,49,35,113600,"Census Tract 1136, Salt Lake County, UT",5857,2902,174,5.7
320,49035113701,49,35,113701,"Census Tract 1137.01, Salt Lake County, UT",4226,2538,59,2.3
321,49035113702,49,35,113702,"Census Tract 1137.02, Salt Lake County, UT",2968,1618,60,3.6
322,49035113801,49,35,113801,"Census Tract 1138.01, Salt Lake County, UT",6150,2790,165,5.6
323,49035113802,49,35,113802,"Census Tract 1138.02, Salt Lake County, UT",4319,1930,91,4.5
324,49035113803,49,35,113803,"Census Tract 1138.03, Salt Lake County, UT",9063,5638,126,2.2
325,49035113903,49,35,113903,"Census Tract 1139.03, Salt Lake County, UT",5380,2619,110,4
326,49035113904,49,35,113904,"Census Tract 1139.04, Salt Lake County, UT",6168,2684,129,4.6
327,49035113905,49,35,113905,"Census Tract 1139.05, Salt Lake County, UT",8118,4286,106,2.4
328,49035113906,49,35,113906,"Census Tract 1139.06, Salt Lake County, UT",4081,2060,153,6.9
329,49035113907,49,35,113907,"Census Tract 1139.07, Salt Lake County, UT",7063,3971,133,3.2
330,49035114000,49,35,114000,"Census Tract 1140, Salt Lake County, UT",1641,1391,39,2.7
331,49035114100,49,35,114100,"Census Tract 1141, Salt Lake County, UT",2467,1568,46,2.9
332,49035114200,49,35,114200,"Census Tract 1142, Salt Lake County, UT",4742,2622,46,1.7
333,49035114300,49,35,114300,"Census Tract 1143, Salt Lake County, UT",17241,9833,312,3.1
334,49035114500,49,35,114500,"Census Tract 1145, Salt Lake County, UT",6596,3434,180,5
335,49035114600,49,35,114600,"Census Tract 1146, Salt Lake County, UT",7857,4324,88,2
336,49035114700,49,35,114700,"Census Tract 1147, Salt Lake County, UT",5084,2798,39,1.4
337,49035114800,49,35,114800,"Census Tract 1148, Salt Lake County, UT",3973,2055,23,1.1
338,49035115106,49,35,115106,"Census Tract 1151.06, Salt Lake County, UT",8072,3905,95,2.4
339,49035115209,49,35,115209,"Census Tract 1152.09, Salt Lake County, UT",6846,3707,165,4.3
341,49037942000,49,37,942000,"Census Tract 9420, San Juan County, UT",4154,852,138,13.9
342,49037942100,49,37,942100,"Census Tract 9421, San Juan County, UT",2391,887,118,11.7
343,49037978100,49,37,978100,"Census Tract 9781, San Juan County, UT",4212,1392,55,3.8
344,49037978200,49,37,978200,"Census Tract 9782, San Juan County, UT",5475,2248,109,4.6
345,49039972100,49,39,972100,"Census Tract 9721, Sanpete County, UT",8137,3231,134,4
346,49039972200,49,39,972200,"Census Tract 9722, Sanpete County, UT",3996,1689,25,1.5
347,49039972300,49,39,972300,"Census Tract 9723, Sanpete County, UT",5488,1675,41,2.4
348,49039972400,49,39,972400,"Census Tract 9724, Sanpete County, UT",6797,2859,221,7.2
349,49039972500,49,39,972500,"Census Tract 9725, Sanpete County, UT",4792,1859,42,2.2
350,49041975100,49,41,975100,"Census Tract 9751, Sevier County, UT",4532,2257,70,3
351,49041975200,49,41,975200,"Census Tract 9752, Sevier County, UT",2782,1371,36,2.6
352,49041975300,49,41,975300,"Census Tract 9753, Sevier County, UT",4917,2254,115,4.9
353,49041975400,49,41,975400,"Census Tract 9754, Sevier County, UT",3607,1320,82,5.8
354,49041975500,49,41,975500,"Census Tract 9755, Sevier County, UT",5171,2266,96,4.1
355,49043964101,49,43,964101,"Census Tract 9641.01, Summit County, UT",2284,1162,28,2.4
356,49043964102,49,43,964102,"Census Tract 9641.02, Summit County, UT",2956,2036,131,6
357,49043964201,49,43,964201,"Census Tract 9642.01, Summit County, UT",4006,2033,70,3.3
358,49043964202,49,43,964202,"Census Tract 9642.02, Summit County, UT",3176,1697,71,4
359,49043964203,49,43,964203,"Census Tract 9642.03, Summit County, UT",117,68,19,21.8
360,49043964303,49,43,964303,"Census Tract 9643.03, Summit County, UT",3240,1703,118,6.5
361,49043964304,49,43,964304,"Census Tract 9643.04, Summit County, UT",5062,3338,38,1.1
362,49043964305,49,43,964305,"Census Tract 9643.05, Summit County, UT",1676,1796,109,5.7
363,49043964306,49,43,964306,"Census Tract 9643.06, Summit County, UT",2695,1796,27,1.5
364,49043964307,49,43,964307,"Census Tract 9643.07, Summit County, UT",5602,2892,43,1.5
365,49043964308,49,43,964308,"Census Tract 9643.08, Summit County, UT",3116,1646,8,0.5
366,49043964401,49,43,964401,"Census Tract 9644.01, Summit County, UT",1479,1135,39,3.3
367,49043964402,49,43,964402,"Census Tract 9644.02, Summit County, UT",3933,2405,38,1.6
368,49045130600,49,45,130600,"Census Tract 1306, Tooele County, UT",2704,1241,37,2.9
369,49045130701,49,45,130701,"Census Tract 1307.01, Tooele County, UT",3513,1818,48,2.6
370,49045130702,49,45,130702,"Census Tract 1307.02, Tooele County, UT",15039,8035,236,2.9
371,49045130703,49,45,130703,"Census Tract 1307.03, Tooele County, UT",7460,3598,76,2.1
372,49045130800,49,45,130800,"Census Tract 1308, Tooele County, UT",5738,2414,128,5
373,49045130900,49,45,130900,"Census Tract 1309, Tooele County, UT",4866,2113,61,2.8
374,49045131001,49,45,131001,"Census Tract 1310.01, Tooele County, UT",2818,1514,72,4.5
375,49045131002,49,45,131002,"Census Tract 1310.02, Tooele County, UT",8586,4091,190,4.4
376,49045131100,49,45,131100,"Census Tract 1311, Tooele County, UT",7987,4053,205,4.8
377,49045131200,49,45,131200,"Census Tract 1312, Tooele County, UT",3515,1393,75,5.1
379,49047940201,49,47,940201,"Census Tract 9402.01, Uintah County, UT",6779,1679,146,8
380,49047968200,49,47,968200,"Census Tract 9682, Uintah County, UT",8414,3020,263,8
381,49047968301,49,47,968301,"Census Tract 9683.01, Uintah County, UT",6105,2306,115,4.8
382,49047968302,49,47,968302,"Census Tract 9683.02, Uintah County, UT",5483,1720,108,5.9
383,49047968401,49,47,968401,"Census Tract 9684.01, Uintah County, UT",4414,1546,342,18.1
384,49047968402,49,47,968402,"Census Tract 9684.02, Uintah County, UT",6416,2432,74,3
385,49049000102,49,49,102,"Census Tract 1.02, Utah County, UT",5060,2276,63,2.7
386,49049000103,49,49,103,"Census Tract 1.03, Utah County, UT",4274,1923,75,3.8
387,49049000104,49,49,104,"Census Tract 1.04, Utah County, UT",3547,1495,32,2.1
388,49049000105,49,49,105,"Census Tract 1.05, Utah County, UT",4652,1739,82,4.5
389,49049000203,49,49,203,"Census Tract 2.03, Utah County, UT",4959,2179,101,4.4
390,49049000204,49,49,204,"Census Tract 2.04, Utah County, UT",6408,2964,78,2.6
391,49049000205,49,49,205,"Census Tract 2.05, Utah County, UT",4104,1787,54,2.9
392,49049000206,49,49,206,"Census Tract 2.06, Utah County, UT",3907,1699,46,2.6
393,49049000400,49,49,400,"Census Tract 4, Utah County, UT",4056,1871,100,5.1
394,49049000504,49,49,504,"Census Tract 5.04, Utah County, UT",4426,2163,54,2.4
395,49049000505,49,49,505,"Census Tract 5.05, Utah County, UT",3341,1834,97,5
396,49049000506,49,49,506,"Census Tract 5.06, Utah County, UT",4049,2137,77,3.5
397,49049000507,49,49,507,"Census Tract 5.07, Utah County, UT",2398,1109,25,2.2
398,49049000508,49,49,508,"Census Tract 5.08, Utah County, UT",5809,2631,73,2.7
399,49049000509,49,49,509,"Census Tract 5.09, Utah County, UT",7205,3270,65,1.9
400,49049000601,49,49,601,"Census Tract 6.01, Utah County, UT",3458,1496,36,2.3
401,49049000603,49,49,603,"Census Tract 6.03, Utah County, UT",4623,2105,54,2.5
402,49049000604,49,49,604,"Census Tract 6.04, Utah County, UT",3343,1658,42,2.5
403,49049000703,49,49,703,"Census Tract 7.03, Utah County, UT",6065,2792,120,4.1
404,49049000706,49,49,706,"Census Tract 7.06, Utah County, UT",6376,3358,72,2.1
405,49049000707,49,49,707,"Census Tract 7.07, Utah County, UT",3864,1982,57,2.8
406,49049000708,49,49,708,"Census Tract 7.08, Utah County, UT",3298,1545,52,3.3
407,49049000709,49,49,709,"Census Tract 7.09, Utah County, UT",3196,1442,32,2.2
408,49049000710,49,49,710,"Census Tract 7.10, Utah County, UT",3368,1374,52,3.6
409,49049000711,49,49,711,"Census Tract 7.11, Utah County, UT",2647,1022,15,1.4
410,49049000801,49,49,801,"Census Tract 8.01, Utah County, UT",6227,2868,107,3.6
411,49049000802,49,49,802,"Census Tract 8.02, Utah County, UT",5899,2617,145,5.2
412,49049000901,49,49,901,"Census Tract 9.01, Utah County, UT",6482,2669,93,3.4
413,49049000903,49,49,903,"Census Tract 9.03, Utah County, UT",4024,1782,36,2
414,49049000904,49,49,904,"Census Tract 9.04, Utah County, UT",3407,1499,29,1.9
415,49049001001,49,49,1001,"Census Tract 10.01, Utah County, UT",4244,1747,58,3.2
416,49049001002,49,49,1002,"Census Tract 10.02, Utah County, UT",2875,973,65,6.3
417,49049001103,49,49,1103,"Census Tract 11.03, Utah County, UT",2865,1225,70,5.4
418,49049001105,49,49,1105,"Census Tract 11.05, Utah County, UT",3806,2061,92,4.3
419,49049001106,49,49,1106,"Census Tract 11.06, Utah County, UT",3430,1443,43,2.9
420,49049001107,49,49,1107,"Census Tract 11.07, Utah County, UT",3896,1900,46,2.4
421,49049001108,49,49,1108,"Census Tract 11.08, Utah County, UT",3477,1897,34,1.8
422,49049001201,49,49,1201,"Census Tract 12.01, Utah County, UT",4766,2380,143,5.7
423,49049001202,49,49,1202,"Census Tract 12.02, Utah County, UT",5322,3034,127,4
424,49049001300,49,49,1300,"Census Tract 13, Utah County, UT",4005,2251,36,1.6
425,49049001401,49,49,1401,"Census Tract 14.01, Utah County, UT",4053,1532,42,2.7
426,49049001402,49,49,1402,"Census Tract 14.02, Utah County, UT",7679,4027,141,3.4
427,49049001501,49,49,1501,"Census Tract 15.01, Utah County, UT",4304,2574,68,2.6
428,49049001503,49,49,1503,"Census Tract 15.03, Utah County, UT",4203,1470,134,8.4
429,49049001504,49,49,1504,"Census Tract 15.04, Utah County, UT",5044,2714,45,1.6
430,49049001601,49,49,1601,"Census Tract 16.01, Utah County, UT",7129,2009,89,4.2
431,49049001602,49,49,1602,"Census Tract 16.02, Utah County, UT",3973,1677,119,6.6
432,49049001603,49,49,1603,"Census Tract 16.03, Utah County, UT",4738,2113,90,4.1
433,49049001701,49,49,1701,"Census Tract 17.01, Utah County, UT",4028,2336,59,2.5
434,49049001702,49,49,1702,"Census Tract 17.02, Utah County, UT",4994,3076,69,2.2
435,49049001801,49,49,1801,"Census Tract 18.01, Utah County, UT",6620,5137,175,3.3
436,49049001802,49,49,1802,"Census Tract 18.02, Utah County, UT",6988,4800,99,2
437,49049001803,49,49,1803,"Census Tract 18.03, Utah County, UT",2306,1496,42,2.7
438,49049001900,49,49,1900,"Census Tract 19, Utah County, UT",4874,3442,85,2.4
439,49049002000,49,49,2000,"Census Tract 20, Utah County, UT",6569,4095,119,2.8
440,49049002101,49,49,2101,"Census Tract 21.01, Utah County, UT",4273,2028,40,1.9
441,49049002102,49,49,2102,"Census Tract 21.02, Utah County, UT",3467,1472,74,4.8
442,49049002201,49,49,2201,"Census Tract 22.01, Utah County, UT",5470,5098,131,2.5
443,49049002204,49,49,2204,"Census Tract 22.04, Utah County, UT",4048,1995,114,5.4
444,49049002205,49,49,2205,"Census Tract 22.05, Utah County, UT",4808,2176,114,5
445,49049002206,49,49,2206,"Census Tract 22.06, Utah County, UT",3753,1886,102,5.1
446,49049002207,49,49,2207,"Census Tract 22.07, Utah County, UT",3883,1803,84,4.5
447,49049002300,49,49,2300,"Census Tract 23, Utah County, UT",3956,2437,69,2.8
448,49049002400,49,49,2400,"Census Tract 24, Utah County, UT",1252,621,36,5.5
449,49049002500,49,49,2500,"Census Tract 25, Utah County, UT",4757,3004,78,2.5
450,49049002701,49,49,2701,"Census Tract 27.01, Utah County, UT",3665,1490,60,3.9
451,49049002702,49,49,2702,"Census Tract 27.02, Utah County, UT",5096,3328,61,1.8
452,49049002801,49,49,2801,"Census Tract 28.01, Utah County, UT",3836,2059,159,7.2
453,49049002802,49,49,2802,"Census Tract 28.02, Utah County, UT",1665,969,31,3.1
454,49049002901,49,49,2901,"Census Tract 29.01, Utah County, UT",5455,2613,28,1.1
455,49049002902,49,49,2902,"Census Tract 29.02, Utah County, UT",3980,1783,68,3.7
456,49049003001,49,49,3001,"Census Tract 30.01, Utah County, UT",4688,2472,37,1.5
457,49049003002,49,49,3002,"Census Tract 30.02, Utah County, UT",2468,1024,28,2.7
458,49049003103,49,49,3103,"Census Tract 31.03, Utah County, UT",3145,1343,49,3.5
459,49049003104,49,49,3104,"Census Tract 31.04, Utah County, UT",4422,1796,39,2.1
460,49049003105,49,49,3105,"Census Tract 31.05, Utah County, UT",3948,2370,45,1.9
461,49049003106,49,49,3106,"Census Tract 31.06, Utah County, UT",2913,1367,34,2.4
462,49049003201,49,49,3201,"Census Tract 32.01, Utah County, UT",2917,1392,47,3.3
463,49049003203,49,49,3203,"Census Tract 32.03, Utah County, UT",4683,2083,85,3.9
464,49049003204,49,49,3204,"Census Tract 32.04, Utah County, UT",2943,1481,23,1.5
465,49049003205,49,49,3205,"Census Tract 32.05, Utah County, UT",4621,2122,50,2.3
466,49049003300,49,49,3300,"Census Tract 33, Utah County, UT",6670,3544,48,1.3
467,49049003401,49,49,3401,"Census Tract 34.01, Utah County, UT",4195,1850,32,1.7
468,49049003402,49,49,3402,"Census Tract 34.02, Utah County, UT",6699,3262,52,1.6
469,49049003403,49,49,3403,"Census Tract 34.03, Utah County, UT",5724,2363,95,3.9
470,49049010103,49,49,10103,"Census Tract 101.03, Utah County, UT",7283,2912,52,1.8
471,49049010104,49,49,10104,"Census Tract 101.04, Utah County, UT",7503,3607,57,1.6
472,49049010105,49,49,10105,"Census Tract 101.05, Utah County, UT",8128,4638,61,1.3
473,49049010106,49,49,10106,"Census Tract 101.06, Utah County, UT",4522,2225,9,0.4
474,49049010107,49,49,10107,"Census Tract 101.07, Utah County, UT",2853,1183,17,1.4
475,49049010108,49,49,10108,"Census Tract 101.08, Utah County, UT",7565,3502,74,2.1
476,49049010109,49,49,10109,"Census Tract 101.09, Utah County, UT",7864,3733,181,4.6
477,49049010110,49,49,10110,"Census Tract 101.10, Utah County, UT",1484,849,11,1.3
478,49049010111,49,49,10111,"Census Tract 101.11, Utah County, UT",7489,3379,34,1
479,49049010112,49,49,10112,"Census Tract 101.12, Utah County, UT",5531,2970,37,1.2
480,49049010113,49,49,10113,"Census Tract 101.13, Utah County, UT",5291,2829,19,0.7
481,49049010208,49,49,10208,"Census Tract 102.08, Utah County, UT",4210,2056,19,0.9
482,49049010209,49,49,10209,"Census Tract 102.09, Utah County, UT",6162,2416,63,2.5
483,49049010210,49,49,10210,"Census Tract 102.10, Utah County, UT",6599,2711,141,4.9
484,49049010211,49,49,10211,"Census Tract 102.11, Utah County, UT",3488,1547,31,2
485,49049010212,49,49,10212,"Census Tract 102.12, Utah County, UT",4284,1904,22,1.1
486,49049010213,49,49,10213,"Census Tract 102.13, Utah County, UT",2874,1110,30,2.6
487,49049010214,49,49,10214,"Census Tract 102.14, Utah County, UT",6453,3352,106,3.1
488,49049010215,49,49,10215,"Census Tract 102.15, Utah County, UT",7743,3521,102,2.8
489,49049010216,49,49,10216,"Census Tract 102.16, Utah County, UT",3155,1263,28,2.2
490,49049010217,49,49,10217,"Census Tract 102.17, Utah County, UT",4452,2113,70,3.2
491,49049010218,49,49,10218,"Census Tract 102.18, Utah County, UT",6160,2446,46,1.8
492,49049010219,49,49,10219,"Census Tract 102.19, Utah County, UT",4941,2240,58,2.5
493,49049010220,49,49,10220,"Census Tract 102.20, Utah County, UT",6765,2898,73,2.5
494,49049010303,49,49,10303,"Census Tract 103.03, Utah County, UT",4643,2289,91,3.8
495,49049010304,49,49,10304,"Census Tract 103.04, Utah County, UT",7016,3707,208,5.3
496,49049010305,49,49,10305,"Census Tract 103.05, Utah County, UT",3260,1259,46,3.5
497,49049010404,49,49,10404,"Census Tract 104.04, Utah County, UT",5141,1755,11,0.6
498,49049010405,49,49,10405,"Census Tract 104.05, Utah County, UT",4368,1986,79,3.8
499,49049010406,49,49,10406,"Census Tract 104.06, Utah County, UT",2133,1154,14,1.2
500,49049010407,49,49,10407,"Census Tract 104.07, Utah County, UT",2904,1092,8,0.7
501,49049010408,49,49,10408,"Census Tract 104.08, Utah County, UT",4081,1718,53,3
502,49049010409,49,49,10409,"Census Tract 104.09, Utah County, UT",2859,1278,43,3.3
503,49049010410,49,49,10410,"Census Tract 104.10, Utah County, UT",3427,1533,49,3.1
504,49049010411,49,49,10411,"Census Tract 104.11, Utah County, UT",4783,2270,95,4
505,49049010503,49,49,10503,"Census Tract 105.03, Utah County, UT",3336,1206,38,3.1
506,49049010504,49,49,10504,"Census Tract 105.04, Utah County, UT",3266,1516,61,3.9
507,49049010505,49,49,10505,"Census Tract 105.05, Utah County, UT",4434,1636,85,4.9
508,49049010506,49,49,10506,"Census Tract 105.06, Utah County, UT",2047,978,19,1.9
509,49049010600,49,49,10600,"Census Tract 106, Utah County, UT",3778,1811,97,5.1
510,49049010700,49,49,10700,"Census Tract 107, Utah County, UT",5365,2236,44,1.9
511,49049010900,49,49,10900,"Census Tract 109, Utah County, UT",1186,582,11,1.9
513,49051940500,49,51,940500,"Census Tract 9405, Wasatch County, UT",10669,5307,175,3.2
514,49051960100,49,51,960100,"Census Tract 9601, Wasatch County, UT",4874,2311,39,1.7
515,49051960200,49,51,960200,"Census Tract 9602, Wasatch County, UT",7290,3112,154,4.7
516,49051960400,49,51,960400,"Census Tract 9604, Wasatch County, UT",6611,2835,78,2.7
517,49053270100,49,53,270100,"Census Tract 2701, Washington County, UT",9731,3662,213,5.5
518,49053270200,49,53,270200,"Census Tract 2702, Washington County, UT",3433,1394,38,2.7
519,49053270300,49,53,270300,"Census Tract 2703, Washington County, UT",9534,3356,114,3.3
520,49053270400,49,53,270400,"Census Tract 2704, Washington County, UT",7240,3185,54,1.7
521,49053270500,49,53,270500,"Census Tract 2705, Washington County, UT",8304,3400,150,4.2
522,49053270600,49,53,270600,"Census Tract 2706, Washington County, UT",9034,3154,85,2.6
523,49053270700,49,53,270700,"Census Tract 2707, Washington County, UT",11357,5057,370,6.8
524,49053270801,49,53,270801,"Census Tract 2708.01, Washington County, UT",15891,7892,204,2.5
525,49053270802,49,53,270802,"Census Tract 2708.02, Washington County, UT",5646,3304,52,1.5
526,49053270901,49,53,270901,"Census Tract 2709.01, Washington County, UT",4345,1476,66,4.3
527,49053270902,49,53,270902,"Census Tract 2709.02, Washington County, UT",11449,5012,130,2.5
528,49053271000,49,53,271000,"Census Tract 2710, Washington County, UT",4767,1762,122,6.5
529,49053271100,49,53,271100,"Census Tract 2711, Washington County, UT",11822,4446,103,2.3
530,49053271200,49,53,271200,"Census Tract 2712, Washington County, UT",3623,2020,75,3.6
531,49053271300,49,53,271300,"Census Tract 2713, Washington County, UT",4345,1900,112,5.6
532,49053271400,49,53,271400,"Census Tract 2714, Washington County, UT",4476,2060,29,1.4
533,49053271500,49,53,271500,"Census Tract 2715, Washington County, UT",7120,3133,131,4
534,49053271600,49,53,271600,"Census Tract 2716, Washington County, UT",6406,2618,103,3.8
535,49053271701,49,53,271701,"Census Tract 2717.01, Washington County, UT",9340,4235,40,0.9
536,49053271702,49,53,271702,"Census Tract 2717.02, Washington County, UT",6154,2866,146,4.8
537,49053271800,49,53,271800,"Census Tract 2718, Washington County, UT",3463,1447,73,4.8
538,49055979100,49,55,979100,"Census Tract 9791, Wayne County, UT",2821,1262,108,7.9
539,49057200100,49,57,200100,"Census Tract 2001, Weber County, UT",4485,2314,61,2.6
540,49057200202,49,57,200202,"Census Tract 2002.02, Weber County, UT",3913,1609,96,5.6
541,49057200203,49,57,200203,"Census Tract 2002.03, Weber County, UT",5201,2430,66,2.6
542,49057200204,49,57,200204,"Census Tract 2002.04, Weber County, UT",4628,2314,105,4.3
543,49057200300,49,57,200300,"Census Tract 2003, Weber County, UT",6832,3231,304,8.6
544,49057200400,49,57,200400,"Census Tract 2004, Weber County, UT",1972,961,16,1.6
545,49057200500,49,57,200500,"Census Tract 2005, Weber County, UT",6772,3465,124,3.5
546,49057200600,49,57,200600,"Census Tract 2006, Weber County, UT",4308,2180,103,4.5
547,49057200700,49,57,200700,"Census Tract 2007, Weber County, UT",3230,1677,74,4.2
548,49057200800,49,57,200800,"Census Tract 2008, Weber County, UT",5055,2445,103,4
549,49057200900,49,57,200900,"Census Tract 2009, Weber County, UT",4649,1840,95,4.9
550,49057201100,49,57,201100,"Census Tract 2011, Weber County, UT",1739,793,147,15.6
551,49057201200,49,57,201200,"Census Tract 2012, Weber County, UT",2346,1025,117,10.2
552,49057201301,49,57,201301,"Census Tract 2013.01, Weber County, UT",3089,1201,116,8.8
553,49057201302,49,57,201302,"Census Tract 2013.02, Weber County, UT",4002,1680,104,5.8
554,49057201400,49,57,201400,"Census Tract 2014, Weber County, UT",3196,1728,37,2.1
555,49057201500,49,57,201500,"Census Tract 2015, Weber County, UT",4247,2076,63,2.9
556,49057201600,49,57,201600,"Census Tract 2016, Weber County, UT",4251,2566,68,2.6
557,49057201700,49,57,201700,"Census Tract 2017, Weber County, UT",3352,1774,98,5.2
558,49057201800,49,57,201800,"Census Tract 2018, Weber County, UT",2223,889,55,5.8
559,49057201900,49,57,201900,"Census Tract 2019, Weber County, UT",1476,440,34,7.2
560,49057202000,49,57,202000,"Census Tract 2020, Weber County, UT",5950,2936,33,1.1
561,49057210100,49,57,210100,"Census Tract 2101, Weber County, UT",7642,3141,123,3.8
562,49057210201,49,57,210201,"Census Tract 2102.01, Weber County, UT",4741,2422,31,1.3
563,49057210203,49,57,210203,"Census Tract 2102.03, Weber County, UT",2753,1418,30,2.1
564,49057210204,49,57,210204,"Census Tract 2102.04, Weber County, UT",4560,2173,68,3
565,49057210302,49,57,210302,"Census Tract 2103.02, Weber County, UT",8628,4360,218,4.8
566,49057210303,49,57,210303,"Census Tract 2103.03, Weber County, UT",7341,3423,97,2.8
567,49057210304,49,57,210304,"Census Tract 2103.04, Weber County, UT",3715,1926,38,1.9
568,49057210402,49,57,210402,"Census Tract 2104.02, Weber County, UT",7024,3453,57,1.6
569,49057210403,49,57,210403,"Census Tract 2104.03, Weber County, UT",8018,4327,61,1.4
570,49057210404,49,57,210404,"Census Tract 2104.04, Weber County, UT",2222,1206,42,3.4
571,49057210504,49,57,210504,"Census Tract 2105.04, Weber County, UT",9005,4805,159,3.2
572,49057210505,49,57,210505,"Census Tract 2105.05, Weber County, UT",7640,4096,94,2.2
573,49057210506,49,57,210506,"Census Tract 2105.06, Weber County, UT",11435,6369,142,2.2
574,49057210508,49,57,210508,"Census Tract 2105.08, Weber County, UT",2315,1297,11,0.8
575,49057210509,49,57,210509,"Census Tract 2105.09, Weber County, UT",4794,2377,78,3.2
576,49057210510,49,57,210510,"Census Tract 2105.10, Weber County, UT",3705,1822,58,3.1
577,49057210511,49,57,210511,"Census Tract 2105.11, Weber County, UT",4225,2132,148,6.5
578,49057210512,49,57,210512,"Census Tract 2105.12, Weber County, UT",4785,2200,54,2.4
579,49057210600,49,57,210600,"Census Tract 2106, Weber County, UT",7066,2963,122,4
580,49057210701,49,57,210701,"Census Tract 2107.01, Weber County, UT",5485,2565,188,6.8
581,49057210703,49,57,210703,"Census Tract 2107.03, Weber County, UT",2629,1322,21,1.6
582,49057210704,49,57,210704,"Census Tract 2107.04, Weber County, UT",6367,2829,77,2.6
583,49057210800,49,57,210800,"Census Tract 2108, Weber County, UT",3295,1469,57,3.7
584,49057210900,49,57,210900,"Census Tract 2109, Weber County, UT",6813,3638,77,2.1
585,49057211000,49,57,211000,"Census Tract 2110, Weber County, UT",3353,1637,79,4.6
586,49057211100,49,57,211100,"Census Tract 2111, Weber County, UT",6381,2906,148,4.8
587,49057211201,49,57,211201,"Census Tract 2112.01, Weber County, UT",4670,2277,77,3.3
588,49057211202,49,57,211202,"Census Tract 2112.02, Weber County, UT",7159,3734,60,1.6
